<?xml version="1.0" encoding="UTF-8"?>
<con:soapui-project id="ff677865-8a4b-4e68-ac5b-b0f82c858525" created="3.30.0" activeEnvironment="Default environment" name="Rest api" resourceRoot="" updated="3.30.0 2022-03-16T13:04:41Z" encryptionMode="Not encrypted" xmlns:con="http://eviware.com/soapui/config">
  <con:settings/>
  <con:interface xsi:type="con:RestService" id="aab33240-6b5c-40cb-98c2-85adc09d1fe2" name="Swagger Petstore" type="rest_ex" wadlVersion="https://swagger.io/swagger2/specification" definitionUrl="https://petstore.swagger.io/v2/swagger.json" basePath="/v2" xmlns:xsi="http://www.w3.org/2001/XMLSchema-instance">
    <con:description>This is a sample server Petstore server.  You can find out more about Swagger at [http://swagger.io](http://swagger.io) or on [irc.freenode.net, #swagger](http://swagger.io/irc/).  For this sample, you can use the api key `special-key` to test the authorization filters.</con:description>
    <con:settings/>
    <con:definitionCache type="TEXT" rootPart="https://petstore.swagger.io/v2/swagger.json">
      <con:part>
        <con:url>https://petstore.swagger.io/v2/swagger.json</con:url>
        <con:content>{"swagger":"2.0","info":{"description":"This is a sample server Petstore server.  You can find out more about Swagger at [http://swagger.io](http://swagger.io) or on [irc.freenode.net, #swagger](http://swagger.io/irc/).  For this sample, you can use the api key `special-key` to test the authorization filters.","version":"1.0.6","title":"Swagger Petstore","termsOfService":"http://swagger.io/terms/","contact":{"email":"apiteam@swagger.io"},"license":{"name":"Apache 2.0","url":"http://www.apache.org/licenses/LICENSE-2.0.html"}},"host":"petstore.swagger.io","basePath":"/v2","tags":[{"name":"pet","description":"Everything about your Pets","externalDocs":{"description":"Find out more","url":"http://swagger.io"}},{"name":"store","description":"Access to Petstore orders"},{"name":"user","description":"Operations about user","externalDocs":{"description":"Find out more about our store","url":"http://swagger.io"}}],"schemes":["https","http"],"paths":{"/pet/{petId}":{"get":{"tags":["pet"],"summary":"Find pet by ID","description":"Returns a single pet","operationId":"getPetById","produces":["application/json","application/xml"],"parameters":[{"name":"petId","in":"path","description":"ID of pet to return","required":true,"type":"integer","format":"int64"}],"responses":{"200":{"description":"successful operation","schema":{"$ref":"#/definitions/Pet"}},"400":{"description":"Invalid ID supplied"},"404":{"description":"Pet not found"}},"security":[{"api_key":[]}]},"post":{"tags":["pet"],"summary":"Updates a pet in the store with form data","description":"","operationId":"updatePetWithForm","consumes":["application/x-www-form-urlencoded"],"produces":["application/json","application/xml"],"parameters":[{"name":"petId","in":"path","description":"ID of pet that needs to be updated","required":true,"type":"integer","format":"int64"},{"name":"name","in":"formData","description":"Updated name of the pet","required":false,"type":"string"},{"name":"status","in":"formData","description":"Updated status of the pet","required":false,"type":"string"}],"responses":{"405":{"description":"Invalid input"}},"security":[{"petstore_auth":["write:pets","read:pets"]}]},"delete":{"tags":["pet"],"summary":"Deletes a pet","description":"","operationId":"deletePet","produces":["application/json","application/xml"],"parameters":[{"name":"api_key","in":"header","required":false,"type":"string"},{"name":"petId","in":"path","description":"Pet id to delete","required":true,"type":"integer","format":"int64"}],"responses":{"400":{"description":"Invalid ID supplied"},"404":{"description":"Pet not found"}},"security":[{"petstore_auth":["write:pets","read:pets"]}]}},"/pet/{petId}/uploadImage":{"post":{"tags":["pet"],"summary":"uploads an image","description":"","operationId":"uploadFile","consumes":["multipart/form-data"],"produces":["application/json"],"parameters":[{"name":"petId","in":"path","description":"ID of pet to update","required":true,"type":"integer","format":"int64"},{"name":"additionalMetadata","in":"formData","description":"Additional data to pass to server","required":false,"type":"string"},{"name":"file","in":"formData","description":"file to upload","required":false,"type":"file"}],"responses":{"200":{"description":"successful operation","schema":{"$ref":"#/definitions/ApiResponse"}}},"security":[{"petstore_auth":["write:pets","read:pets"]}]}},"/pet":{"post":{"tags":["pet"],"summary":"Add a new pet to the store","description":"","operationId":"addPet","consumes":["application/json","application/xml"],"produces":["application/json","application/xml"],"parameters":[{"in":"body","name":"body","description":"Pet object that needs to be added to the store","required":true,"schema":{"$ref":"#/definitions/Pet"}}],"responses":{"405":{"description":"Invalid input"}},"security":[{"petstore_auth":["write:pets","read:pets"]}]},"put":{"tags":["pet"],"summary":"Update an existing pet","description":"","operationId":"updatePet","consumes":["application/json","application/xml"],"produces":["application/json","application/xml"],"parameters":[{"in":"body","name":"body","description":"Pet object that needs to be added to the store","required":true,"schema":{"$ref":"#/definitions/Pet"}}],"responses":{"400":{"description":"Invalid ID supplied"},"404":{"description":"Pet not found"},"405":{"description":"Validation exception"}},"security":[{"petstore_auth":["write:pets","read:pets"]}]}},"/pet/findByStatus":{"get":{"tags":["pet"],"summary":"Finds Pets by status","description":"Multiple status values can be provided with comma separated strings","operationId":"findPetsByStatus","produces":["application/json","application/xml"],"parameters":[{"name":"status","in":"query","description":"Status values that need to be considered for filter","required":true,"type":"array","items":{"type":"string","enum":["available","pending","sold"],"default":"available"},"collectionFormat":"multi"}],"responses":{"200":{"description":"successful operation","schema":{"type":"array","items":{"$ref":"#/definitions/Pet"}}},"400":{"description":"Invalid status value"}},"security":[{"petstore_auth":["write:pets","read:pets"]}]}},"/pet/findByTags":{"get":{"tags":["pet"],"summary":"Finds Pets by tags","description":"Multiple tags can be provided with comma separated strings. Use tag1, tag2, tag3 for testing.","operationId":"findPetsByTags","produces":["application/json","application/xml"],"parameters":[{"name":"tags","in":"query","description":"Tags to filter by","required":true,"type":"array","items":{"type":"string"},"collectionFormat":"multi"}],"responses":{"200":{"description":"successful operation","schema":{"type":"array","items":{"$ref":"#/definitions/Pet"}}},"400":{"description":"Invalid tag value"}},"security":[{"petstore_auth":["write:pets","read:pets"]}],"deprecated":true}},"/store/inventory":{"get":{"tags":["store"],"summary":"Returns pet inventories by status","description":"Returns a map of status codes to quantities","operationId":"getInventory","produces":["application/json"],"parameters":[],"responses":{"200":{"description":"successful operation","schema":{"type":"object","additionalProperties":{"type":"integer","format":"int32"}}}},"security":[{"api_key":[]}]}},"/store/order/{orderId}":{"get":{"tags":["store"],"summary":"Find purchase order by ID","description":"For valid response try integer IDs with value >= 1 and &lt;= 10. Other values will generated exceptions","operationId":"getOrderById","produces":["application/json","application/xml"],"parameters":[{"name":"orderId","in":"path","description":"ID of pet that needs to be fetched","required":true,"type":"integer","maximum":10,"minimum":1,"format":"int64"}],"responses":{"200":{"description":"successful operation","schema":{"$ref":"#/definitions/Order"}},"400":{"description":"Invalid ID supplied"},"404":{"description":"Order not found"}}},"delete":{"tags":["store"],"summary":"Delete purchase order by ID","description":"For valid response try integer IDs with positive integer value. Negative or non-integer values will generate API errors","operationId":"deleteOrder","produces":["application/json","application/xml"],"parameters":[{"name":"orderId","in":"path","description":"ID of the order that needs to be deleted","required":true,"type":"integer","minimum":1,"format":"int64"}],"responses":{"400":{"description":"Invalid ID supplied"},"404":{"description":"Order not found"}}}},"/store/order":{"post":{"tags":["store"],"summary":"Place an order for a pet","description":"","operationId":"placeOrder","consumes":["application/json"],"produces":["application/json","application/xml"],"parameters":[{"in":"body","name":"body","description":"order placed for purchasing the pet","required":true,"schema":{"$ref":"#/definitions/Order"}}],"responses":{"200":{"description":"successful operation","schema":{"$ref":"#/definitions/Order"}},"400":{"description":"Invalid Order"}}}},"/user/{username}":{"get":{"tags":["user"],"summary":"Get user by user name","description":"","operationId":"getUserByName","produces":["application/json","application/xml"],"parameters":[{"name":"username","in":"path","description":"The name that needs to be fetched. Use user1 for testing. ","required":true,"type":"string"}],"responses":{"200":{"description":"successful operation","schema":{"$ref":"#/definitions/User"}},"400":{"description":"Invalid username supplied"},"404":{"description":"User not found"}}},"put":{"tags":["user"],"summary":"Updated user","description":"This can only be done by the logged in user.","operationId":"updateUser","consumes":["application/json"],"produces":["application/json","application/xml"],"parameters":[{"name":"username","in":"path","description":"name that need to be updated","required":true,"type":"string"},{"in":"body","name":"body","description":"Updated user object","required":true,"schema":{"$ref":"#/definitions/User"}}],"responses":{"400":{"description":"Invalid user supplied"},"404":{"description":"User not found"}}},"delete":{"tags":["user"],"summary":"Delete user","description":"This can only be done by the logged in user.","operationId":"deleteUser","produces":["application/json","application/xml"],"parameters":[{"name":"username","in":"path","description":"The name that needs to be deleted","required":true,"type":"string"}],"responses":{"400":{"description":"Invalid username supplied"},"404":{"description":"User not found"}}}},"/user":{"post":{"tags":["user"],"summary":"Create user","description":"This can only be done by the logged in user.","operationId":"createUser","consumes":["application/json"],"produces":["application/json","application/xml"],"parameters":[{"in":"body","name":"body","description":"Created user object","required":true,"schema":{"$ref":"#/definitions/User"}}],"responses":{"default":{"description":"successful operation"}}}},"/user/createWithArray":{"post":{"tags":["user"],"summary":"Creates list of users with given input array","description":"","operationId":"createUsersWithArrayInput","consumes":["application/json"],"produces":["application/json","application/xml"],"parameters":[{"in":"body","name":"body","description":"List of user object","required":true,"schema":{"type":"array","items":{"$ref":"#/definitions/User"}}}],"responses":{"default":{"description":"successful operation"}}}},"/user/createWithList":{"post":{"tags":["user"],"summary":"Creates list of users with given input array","description":"","operationId":"createUsersWithListInput","consumes":["application/json"],"produces":["application/json","application/xml"],"parameters":[{"in":"body","name":"body","description":"List of user object","required":true,"schema":{"type":"array","items":{"$ref":"#/definitions/User"}}}],"responses":{"default":{"description":"successful operation"}}}},"/user/login":{"get":{"tags":["user"],"summary":"Logs user into the system","description":"","operationId":"loginUser","produces":["application/json","application/xml"],"parameters":[{"name":"username","in":"query","description":"The user name for login","required":true,"type":"string"},{"name":"password","in":"query","description":"The password for login in clear text","required":true,"type":"string"}],"responses":{"200":{"description":"successful operation","headers":{"X-Expires-After":{"type":"string","format":"date-time","description":"date in UTC when token expires"},"X-Rate-Limit":{"type":"integer","format":"int32","description":"calls per hour allowed by the user"}},"schema":{"type":"string"}},"400":{"description":"Invalid username/password supplied"}}}},"/user/logout":{"get":{"tags":["user"],"summary":"Logs out current logged in user session","description":"","operationId":"logoutUser","produces":["application/json","application/xml"],"parameters":[],"responses":{"default":{"description":"successful operation"}}}}},"securityDefinitions":{"api_key":{"type":"apiKey","name":"api_key","in":"header"},"petstore_auth":{"type":"oauth2","authorizationUrl":"https://petstore.swagger.io/oauth/authorize","flow":"implicit","scopes":{"read:pets":"read your pets","write:pets":"modify pets in your account"}}},"definitions":{"Category":{"type":"object","properties":{"id":{"type":"integer","format":"int64"},"name":{"type":"string"}},"xml":{"name":"Category"}},"Pet":{"type":"object","required":["name","photoUrls"],"properties":{"id":{"type":"integer","format":"int64"},"category":{"$ref":"#/definitions/Category"},"name":{"type":"string","example":"doggie"},"photoUrls":{"type":"array","xml":{"wrapped":true},"items":{"type":"string","xml":{"name":"photoUrl"}}},"tags":{"type":"array","xml":{"wrapped":true},"items":{"xml":{"name":"tag"},"$ref":"#/definitions/Tag"}},"status":{"type":"string","description":"pet status in the store","enum":["available","pending","sold"]}},"xml":{"name":"Pet"}},"Tag":{"type":"object","properties":{"id":{"type":"integer","format":"int64"},"name":{"type":"string"}},"xml":{"name":"Tag"}},"ApiResponse":{"type":"object","properties":{"code":{"type":"integer","format":"int32"},"type":{"type":"string"},"message":{"type":"string"}}},"Order":{"type":"object","properties":{"id":{"type":"integer","format":"int64"},"petId":{"type":"integer","format":"int64"},"quantity":{"type":"integer","format":"int32"},"shipDate":{"type":"string","format":"date-time"},"status":{"type":"string","description":"Order Status","enum":["placed","approved","delivered"]},"complete":{"type":"boolean"}},"xml":{"name":"Order"}},"User":{"type":"object","properties":{"id":{"type":"integer","format":"int64"},"username":{"type":"string"},"firstName":{"type":"string"},"lastName":{"type":"string"},"email":{"type":"string"},"password":{"type":"string"},"phone":{"type":"string"},"userStatus":{"type":"integer","format":"int32","description":"User Status"}},"xml":{"name":"User"}}},"externalDocs":{"description":"Find out more about Swagger","url":"http://swagger.io"}}</con:content>
        <con:type>https://swagger.io/swagger2/specification</con:type>
      </con:part>
    </con:definitionCache>
    <con:endpoints>
      <con:endpoint>http://petstore.swagger.io</con:endpoint>
      <con:endpoint>https://petstore.swagger.io</con:endpoint>
    </con:endpoints>
    <con:resource name="/pet/{petId}" path="/pet/{petId}" id="8f34d301-cd97-42b3-98b5-0aeefc6666f6">
      <con:settings/>
      <con:parameters>
        <con:parameter required="true">
          <con:name>petId</con:name>
          <con:style>TEMPLATE</con:style>
          <con:dataType>integer</con:dataType>
          <con:description>Pet id to delete</con:description>
        </con:parameter>
      </con:parameters>
      <con:method name="getPetById" id="71b93533-aed3-4a86-97ba-ed3f2c239117" method="GET">
        <con:description>Returns a single pet
Find pet by ID</con:description>
        <con:settings/>
        <con:parameters/>
        <con:representation type="RESPONSE">
          <con:mediaType>application/json</con:mediaType>
          <con:status>200</con:status>
          <con:params/>
          <con:sampleContent xsi:nil="true"/>
        </con:representation>
        <con:representation type="RESPONSE">
          <con:mediaType>application/xml</con:mediaType>
          <con:status>200</con:status>
          <con:params/>
          <con:sampleContent><![CDATA[<Pet>
   <id>0</id>
   <Category>
      <id>0</id>
      <name>string</name>
   </Category>
   <name>doggie</name>
   <photoUrlss>
      <photoUrl>string</photoUrl>
   </photoUrlss>
   <tagss>
      <tag>
         <id>0</id>
         <name>string</name>
      </tag>
   </tagss>
   <status>available</status>
</Pet>]]></con:sampleContent>
        </con:representation>
        <con:representation type="RESPONSE">
          <con:mediaType>application/json</con:mediaType>
          <con:status>400</con:status>
          <con:params/>
        </con:representation>
        <con:representation type="RESPONSE">
          <con:mediaType>application/xml</con:mediaType>
          <con:status>400</con:status>
          <con:params/>
        </con:representation>
        <con:representation type="RESPONSE">
          <con:mediaType>application/json</con:mediaType>
          <con:status>404</con:status>
          <con:params/>
        </con:representation>
        <con:representation type="RESPONSE">
          <con:mediaType>application/xml</con:mediaType>
          <con:status>404</con:status>
          <con:params/>
        </con:representation>
        <con:request name="Request 1" id="be266917-7d0a-4bca-b21e-d2ab56561947" mediaType="application/json">
          <con:settings>
            <con:setting id="com.eviware.soapui.impl.wsdl.WsdlRequest@request-headers">&lt;xml-fragment/></con:setting>
          </con:settings>
          <con:endpoint>http://petstore.swagger.io</con:endpoint>
          <con:request/>
          <con:originalUri>https://petstore.swagger.io/v2/pet/</con:originalUri>
          <con:credentials>
            <con:selectedAuthProfile>No Authorization</con:selectedAuthProfile>
            <con:authType>No Authorization</con:authType>
          </con:credentials>
          <con:jmsConfig JMSDeliveryMode="PERSISTENT"/>
          <con:parameters>
            <con:entry key="petId" value="9223372000001082785"/>
          </con:parameters>
        </con:request>
      </con:method>
      <con:method name="updatePetWithForm" id="cc26a9f2-5262-4e7a-b65c-a32a9c1e7b8c" method="POST">
        <con:description>Updates a pet in the store with form data</con:description>
        <con:settings/>
        <con:parameters>
          <con:parameter>
            <con:name>name</con:name>
            <con:style>QUERY</con:style>
            <con:description>Updated name of the pet</con:description>
          </con:parameter>
          <con:parameter>
            <con:name>status</con:name>
            <con:style>QUERY</con:style>
            <con:description>Updated status of the pet</con:description>
          </con:parameter>
        </con:parameters>
        <con:representation type="RESPONSE">
          <con:mediaType>application/json</con:mediaType>
          <con:status>405</con:status>
          <con:params/>
        </con:representation>
        <con:representation type="RESPONSE">
          <con:mediaType>application/xml</con:mediaType>
          <con:status>405</con:status>
          <con:params/>
        </con:representation>
        <con:representation type="REQUEST">
          <con:mediaType>application/x-www-form-urlencoded</con:mediaType>
          <con:params/>
        </con:representation>
        <con:request name="Request 1" id="a1dfb22e-e4ad-4f00-8be9-e58ee96a06c6" mediaType="application/json" postQueryString="false">
          <con:settings/>
          <con:endpoint>http://petstore.swagger.io</con:endpoint>
          <con:request/>
          <con:credentials>
            <con:selectedAuthProfile>No Authorization</con:selectedAuthProfile>
            <con:authType>No Authorization</con:authType>
          </con:credentials>
          <con:jmsConfig JMSDeliveryMode="PERSISTENT"/>
          <con:parameters/>
        </con:request>
      </con:method>
      <con:method name="deletePet" id="5b114d92-9c3f-45f4-abe9-700088354b14" method="DELETE">
        <con:description>Deletes a pet</con:description>
        <con:settings/>
        <con:parameters>
          <con:parameter>
            <con:name>api_key</con:name>
            <con:style>HEADER</con:style>
            <con:description xsi:nil="true"/>
          </con:parameter>
        </con:parameters>
        <con:representation type="RESPONSE">
          <con:mediaType>application/json</con:mediaType>
          <con:status>400</con:status>
          <con:params/>
        </con:representation>
        <con:representation type="RESPONSE">
          <con:mediaType>application/xml</con:mediaType>
          <con:status>400</con:status>
          <con:params/>
        </con:representation>
        <con:representation type="RESPONSE">
          <con:mediaType>application/json</con:mediaType>
          <con:status>404</con:status>
          <con:params/>
        </con:representation>
        <con:representation type="RESPONSE">
          <con:mediaType>application/xml</con:mediaType>
          <con:status>404</con:status>
          <con:params/>
        </con:representation>
        <con:request name="Request 1" id="50b1fdb9-74db-43f7-b657-7296338bd457" mediaType="application/json" postQueryString="false">
          <con:settings/>
          <con:endpoint>http://petstore.swagger.io</con:endpoint>
          <con:request/>
          <con:credentials>
            <con:selectedAuthProfile>No Authorization</con:selectedAuthProfile>
            <con:authType>No Authorization</con:authType>
          </con:credentials>
          <con:jmsConfig JMSDeliveryMode="PERSISTENT"/>
          <con:parameters/>
        </con:request>
      </con:method>
    </con:resource>
    <con:resource name="/pet/{petId}/uploadImage" path="/pet/{petId}/uploadImage" id="27fcc852-05cd-4482-97fe-5d3293ad10c5">
      <con:settings/>
      <con:parameters>
        <con:parameter required="true">
          <con:name>petId</con:name>
          <con:style>TEMPLATE</con:style>
          <con:dataType>integer</con:dataType>
          <con:description>ID of pet to update</con:description>
        </con:parameter>
      </con:parameters>
      <con:method name="uploadFile" id="a6bfee6f-aa69-4f30-9eed-988fa209c3fa" method="POST">
        <con:description>uploads an image</con:description>
        <con:settings/>
        <con:parameters>
          <con:parameter>
            <con:name>additionalMetadata</con:name>
            <con:style>QUERY</con:style>
            <con:description>Additional data to pass to server</con:description>
          </con:parameter>
          <con:parameter>
            <con:name>file</con:name>
            <con:style>QUERY</con:style>
            <con:description>file to upload</con:description>
          </con:parameter>
        </con:parameters>
        <con:representation type="RESPONSE">
          <con:mediaType>application/json</con:mediaType>
          <con:status>200</con:status>
          <con:params/>
          <con:sampleContent>{
  "code" : 0,
  "type" : "string",
  "message" : "string"
}</con:sampleContent>
        </con:representation>
        <con:representation type="REQUEST">
          <con:mediaType>multipart/form-data</con:mediaType>
          <con:params/>
        </con:representation>
        <con:request name="Request 1" id="eb744c91-cb52-441c-b8cf-cdaefffd26d2" mediaType="application/json" postQueryString="false">
          <con:settings>
            <con:setting id="com.eviware.soapui.impl.wsdl.WsdlRequest@request-headers">&lt;xml-fragment/></con:setting>
          </con:settings>
          <con:endpoint>http://petstore.swagger.io</con:endpoint>
          <con:request/>
          <con:originalUri>https://petstore.swagger.io/v2/pet/uploadImage</con:originalUri>
          <con:credentials>
            <con:selectedAuthProfile>No Authorization</con:selectedAuthProfile>
            <con:authType>No Authorization</con:authType>
          </con:credentials>
          <con:jmsConfig JMSDeliveryMode="PERSISTENT"/>
          <con:parameters/>
        </con:request>
      </con:method>
    </con:resource>
    <con:resource name="/pet" path="/pet" id="91ced4c6-b49b-4d1d-9ef7-3027e14aac33">
      <con:settings/>
      <con:parameters/>
      <con:method name="addPet" id="33200598-a979-46e9-a742-218695755df7" method="POST">
        <con:description>Add a new pet to the store</con:description>
        <con:settings/>
        <con:parameters/>
        <con:representation type="REQUEST">
          <con:mediaType>application/json</con:mediaType>
          <con:params/>
          <con:sampleContent/>
        </con:representation>
        <con:representation type="REQUEST">
          <con:mediaType>application/xml</con:mediaType>
          <con:params/>
          <con:sampleContent><![CDATA[<Pet>
   <id>0</id>
   <Category>
      <id>0</id>
      <name>string</name>
   </Category>
   <name>doggie</name>
   <photoUrlss>
      <photoUrl>string</photoUrl>
   </photoUrlss>
   <tagss>
      <tag>
         <id>0</id>
         <name>string</name>
      </tag>
   </tagss>
   <status>available</status>
</Pet>]]></con:sampleContent>
        </con:representation>
        <con:representation type="RESPONSE">
          <con:mediaType>application/json</con:mediaType>
          <con:status>405</con:status>
          <con:params/>
        </con:representation>
        <con:representation type="RESPONSE">
          <con:mediaType>application/xml</con:mediaType>
          <con:status>405</con:status>
          <con:params/>
        </con:representation>
        <con:representation type="REQUEST">
          <con:mediaType>application/json</con:mediaType>
          <con:params/>
        </con:representation>
        <con:representation type="REQUEST">
          <con:mediaType>application/xml</con:mediaType>
          <con:params/>
        </con:representation>
        <con:request name="Request 1" id="1f9c7a38-22c2-492e-8a9c-3415e6eab883" mediaType="application/json" postQueryString="false">
          <con:settings>
            <con:setting id="com.eviware.soapui.impl.wsdl.WsdlRequest@request-headers">&lt;xml-fragment/></con:setting>
          </con:settings>
          <con:endpoint>http://petstore.swagger.io</con:endpoint>
          <con:request>{
  "id": 0,
  "category": {
    "id": 0,
    "name": "BullDog"
  },
  "name": "doggie",
  "photoUrls": [
    "string"
  ],
  "tags": [
    {
      "id": 1,
      "name": "string"
    }
  ],
  "status": "available"
}</con:request>
          <con:originalUri>https://petstore.swagger.io/v2/pet</con:originalUri>
          <con:credentials>
            <con:selectedAuthProfile>No Authorization</con:selectedAuthProfile>
            <con:authType>No Authorization</con:authType>
          </con:credentials>
          <con:jmsConfig JMSDeliveryMode="PERSISTENT"/>
          <con:parameters/>
        </con:request>
        <con:request name="Request 2" id="d62a437c-cd1f-4b94-8653-675a21488b29" mediaType="application/xml" postQueryString="false">
          <con:settings/>
          <con:endpoint>http://petstore.swagger.io</con:endpoint>
          <con:request><![CDATA[<Pet>\r
   <id>0</id>\r
   <Category>\r
      <id>0</id>\r
      <name>string</name>\r
   </Category>\r
   <name>doggie</name>\r
   <photoUrlss>\r
      <photoUrl>string</photoUrl>\r
   </photoUrlss>\r
   <tagss>\r
      <tag>\r
         <id>0</id>\r
         <name>string</name>\r
      </tag>\r
   </tagss>\r
   <status>available</status>\r
</Pet>]]></con:request>
          <con:credentials>
            <con:selectedAuthProfile>No Authorization</con:selectedAuthProfile>
            <con:authType>No Authorization</con:authType>
          </con:credentials>
          <con:jmsConfig JMSDeliveryMode="PERSISTENT"/>
          <con:parameters/>
        </con:request>
      </con:method>
      <con:method name="updatePet" id="e6ec0d21-3380-4641-9b13-f1da78114641" method="PUT">
        <con:description>Update an existing pet</con:description>
        <con:settings/>
        <con:parameters/>
        <con:representation type="REQUEST">
          <con:mediaType>application/json</con:mediaType>
          <con:params/>
          <con:sampleContent/>
        </con:representation>
        <con:representation type="REQUEST">
          <con:mediaType>application/xml</con:mediaType>
          <con:params/>
          <con:sampleContent><![CDATA[<Pet>
   <id>0</id>
   <Category>
      <id>0</id>
      <name>string</name>
   </Category>
   <name>doggie</name>
   <photoUrlss>
      <photoUrl>string</photoUrl>
   </photoUrlss>
   <tagss>
      <tag>
         <id>0</id>
         <name>string</name>
      </tag>
   </tagss>
   <status>available</status>
</Pet>]]></con:sampleContent>
        </con:representation>
        <con:representation type="RESPONSE">
          <con:mediaType>application/json</con:mediaType>
          <con:status>400</con:status>
          <con:params/>
        </con:representation>
        <con:representation type="RESPONSE">
          <con:mediaType>application/xml</con:mediaType>
          <con:status>400</con:status>
          <con:params/>
        </con:representation>
        <con:representation type="RESPONSE">
          <con:mediaType>application/json</con:mediaType>
          <con:status>404</con:status>
          <con:params/>
        </con:representation>
        <con:representation type="RESPONSE">
          <con:mediaType>application/xml</con:mediaType>
          <con:status>404</con:status>
          <con:params/>
        </con:representation>
        <con:representation type="RESPONSE">
          <con:mediaType>application/json</con:mediaType>
          <con:status>405</con:status>
          <con:params/>
        </con:representation>
        <con:representation type="RESPONSE">
          <con:mediaType>application/xml</con:mediaType>
          <con:status>405</con:status>
          <con:params/>
        </con:representation>
        <con:representation type="REQUEST">
          <con:mediaType>application/json</con:mediaType>
          <con:params/>
        </con:representation>
        <con:representation type="REQUEST">
          <con:mediaType>application/xml</con:mediaType>
          <con:params/>
        </con:representation>
        <con:request name="Request 1" id="21d64b22-d753-49d7-8f7b-7d3608421def" mediaType="application/json" postQueryString="false">
          <con:settings/>
          <con:endpoint>http://petstore.swagger.io</con:endpoint>
          <con:request/>
          <con:credentials>
            <con:selectedAuthProfile>No Authorization</con:selectedAuthProfile>
            <con:authType>No Authorization</con:authType>
          </con:credentials>
          <con:jmsConfig JMSDeliveryMode="PERSISTENT"/>
          <con:parameters/>
        </con:request>
        <con:request name="Request 2" id="688e6bec-7db5-4d8f-93cf-0f3cbce102ac" mediaType="application/xml" postQueryString="false">
          <con:settings>
            <con:setting id="com.eviware.soapui.impl.wsdl.WsdlRequest@request-headers">&lt;xml-fragment/></con:setting>
          </con:settings>
          <con:endpoint>http://petstore.swagger.io</con:endpoint>
          <con:request><![CDATA[<Pet>\r
   <id>0</id>\r
   <Category>\r
      <id>0</id>\r
      <name>string</name>\r
   </Category>\r
   <name>doggie</name>\r
   <photoUrlss>\r
      <photoUrl>string</photoUrl>\r
   </photoUrlss>\r
   <tagss>\r
      <tag>\r
         <id>0</id>\r
         <name>string</name>\r
      </tag>\r
   </tagss>\r
   <status>available</status>\r
</Pet>]]></con:request>
          <con:credentials>
            <con:selectedAuthProfile>No Authorization</con:selectedAuthProfile>
            <con:authType>No Authorization</con:authType>
          </con:credentials>
          <con:jmsConfig JMSDeliveryMode="PERSISTENT"/>
          <con:parameters/>
        </con:request>
      </con:method>
    </con:resource>
    <con:resource name="/pet/findByStatus" path="/pet/findByStatus" id="df6a79ca-3058-446f-8f42-0b8efd58935d">
      <con:settings/>
      <con:parameters/>
      <con:method name="findPetsByStatus" id="58e8ba10-5480-44af-91f5-929bf47b0a9d" method="GET">
        <con:description>Multiple status values can be provided with comma separated strings
Finds Pets by status</con:description>
        <con:settings/>
        <con:parameters>
          <con:parameter required="true">
            <con:name>status</con:name>
            <con:style>QUERY</con:style>
            <con:dataType>array</con:dataType>
            <con:description>Status values that need to be considered for filter</con:description>
          </con:parameter>
        </con:parameters>
        <con:representation type="RESPONSE">
          <con:mediaType>application/json</con:mediaType>
          <con:status>200</con:status>
          <con:params/>
          <con:sampleContent xsi:nil="true"/>
        </con:representation>
        <con:representation type="RESPONSE">
          <con:mediaType>application/xml</con:mediaType>
          <con:status>200</con:status>
          <con:params/>
          <con:sampleContent><![CDATA[<Pet>
   <id>0</id>
   <Category>
      <id>0</id>
      <name>string</name>
   </Category>
   <name>doggie</name>
   <photoUrlss>
      <photoUrl>string</photoUrl>
   </photoUrlss>
   <tagss>
      <tag>
         <id>0</id>
         <name>string</name>
      </tag>
   </tagss>
   <status>available</status>
</Pet>]]></con:sampleContent>
        </con:representation>
        <con:representation type="RESPONSE">
          <con:mediaType>application/json</con:mediaType>
          <con:status>400</con:status>
          <con:params/>
        </con:representation>
        <con:representation type="RESPONSE">
          <con:mediaType>application/xml</con:mediaType>
          <con:status>400</con:status>
          <con:params/>
        </con:representation>
        <con:request name="Request 1" id="a7e8bc4b-a436-4219-8adc-ed6f878df1c4" mediaType="application/json">
          <con:settings/>
          <con:endpoint>http://petstore.swagger.io</con:endpoint>
          <con:credentials>
            <con:selectedAuthProfile>No Authorization</con:selectedAuthProfile>
            <con:authType>No Authorization</con:authType>
          </con:credentials>
          <con:parameters/>
        </con:request>
      </con:method>
    </con:resource>
    <con:resource name="/pet/findByTags" path="/pet/findByTags" id="9317bbdf-1ac7-45d2-a696-54286881de45">
      <con:settings/>
      <con:parameters/>
      <con:method name="findPetsByTags" id="159c6b80-0bb8-459c-83d1-349b6eef0e0c" method="GET">
        <con:description>Multiple tags can be provided with comma separated strings. Use tag1, tag2, tag3 for testing.
Finds Pets by tags</con:description>
        <con:settings/>
        <con:parameters>
          <con:parameter required="true">
            <con:name>tags</con:name>
            <con:style>QUERY</con:style>
            <con:dataType>array</con:dataType>
            <con:description>Tags to filter by</con:description>
          </con:parameter>
        </con:parameters>
        <con:representation type="RESPONSE">
          <con:mediaType>application/json</con:mediaType>
          <con:status>200</con:status>
          <con:params/>
          <con:sampleContent xsi:nil="true"/>
        </con:representation>
        <con:representation type="RESPONSE">
          <con:mediaType>application/xml</con:mediaType>
          <con:status>200</con:status>
          <con:params/>
          <con:sampleContent><![CDATA[<Pet>
   <id>0</id>
   <Category>
      <id>0</id>
      <name>string</name>
   </Category>
   <name>doggie</name>
   <photoUrlss>
      <photoUrl>string</photoUrl>
   </photoUrlss>
   <tagss>
      <tag>
         <id>0</id>
         <name>string</name>
      </tag>
   </tagss>
   <status>available</status>
</Pet>]]></con:sampleContent>
        </con:representation>
        <con:representation type="RESPONSE">
          <con:mediaType>application/json</con:mediaType>
          <con:status>400</con:status>
          <con:params/>
        </con:representation>
        <con:representation type="RESPONSE">
          <con:mediaType>application/xml</con:mediaType>
          <con:status>400</con:status>
          <con:params/>
        </con:representation>
        <con:request name="Request 1" id="4d1de0aa-70b4-4bb7-9fa9-8b7b8c2a2088" mediaType="application/json">
          <con:settings/>
          <con:endpoint>http://petstore.swagger.io</con:endpoint>
          <con:credentials>
            <con:selectedAuthProfile>No Authorization</con:selectedAuthProfile>
            <con:authType>No Authorization</con:authType>
          </con:credentials>
          <con:parameters/>
        </con:request>
      </con:method>
    </con:resource>
    <con:resource name="/store/inventory" path="/store/inventory" id="615d0af6-d185-40a2-bc65-4228d8b7a5cb">
      <con:settings/>
      <con:parameters/>
      <con:method name="getInventory" id="2a0d97ef-5e50-4f15-8e6e-ab7d3c143fff" method="GET">
        <con:description>Returns a map of status codes to quantities
Returns pet inventories by status</con:description>
        <con:settings/>
        <con:parameters/>
        <con:representation type="RESPONSE">
          <con:mediaType>application/json</con:mediaType>
          <con:status>200</con:status>
          <con:params/>
          <con:sampleContent>{
  "additionalProp1" : 0,
  "additionalProp2" : 0,
  "additionalProp3" : 0
}</con:sampleContent>
        </con:representation>
        <con:request name="Request 1" id="c4d9b674-723c-44cc-a804-016792bac768" mediaType="application/json">
          <con:settings/>
          <con:endpoint>http://petstore.swagger.io</con:endpoint>
          <con:credentials>
            <con:selectedAuthProfile>No Authorization</con:selectedAuthProfile>
            <con:authType>No Authorization</con:authType>
          </con:credentials>
          <con:parameters/>
        </con:request>
      </con:method>
    </con:resource>
    <con:resource name="/store/order/{orderId}" path="/store/order/{orderId}" id="bba65203-c73d-46d9-b421-ac212ec5e3b9">
      <con:settings/>
      <con:parameters>
        <con:parameter required="true">
          <con:name>orderId</con:name>
          <con:style>TEMPLATE</con:style>
          <con:dataType>integer</con:dataType>
          <con:description>ID of the order that needs to be deleted</con:description>
        </con:parameter>
      </con:parameters>
      <con:method name="getOrderById" id="9cd9ec0f-16f6-4959-b12b-7b41e985888a" method="GET">
        <con:description>For valid response try integer IDs with value >= 1 and &lt;= 10. Other values will generated exceptions
Find purchase order by ID</con:description>
        <con:settings/>
        <con:parameters/>
        <con:representation type="RESPONSE">
          <con:mediaType>application/json</con:mediaType>
          <con:status>200</con:status>
          <con:params/>
          <con:sampleContent>{
  "id" : 0,
  "petId" : 0,
  "quantity" : 0,
  "shipDate" : "2015-07-20T15:49:04-07:00",
  "status" : "placed",
  "complete" : true
}</con:sampleContent>
        </con:representation>
        <con:representation type="RESPONSE">
          <con:mediaType>application/xml</con:mediaType>
          <con:status>200</con:status>
          <con:params/>
          <con:sampleContent><![CDATA[<Order>
   <id>0</id>
   <petId>0</petId>
   <quantity>0</quantity>
   <shipDate>2015-07-20T15:49:04-07:00</shipDate>
   <status>placed</status>
   <complete>true</complete>
</Order>]]></con:sampleContent>
        </con:representation>
        <con:representation type="RESPONSE">
          <con:mediaType>application/json</con:mediaType>
          <con:status>400</con:status>
          <con:params/>
        </con:representation>
        <con:representation type="RESPONSE">
          <con:mediaType>application/xml</con:mediaType>
          <con:status>400</con:status>
          <con:params/>
        </con:representation>
        <con:representation type="RESPONSE">
          <con:mediaType>application/json</con:mediaType>
          <con:status>404</con:status>
          <con:params/>
        </con:representation>
        <con:representation type="RESPONSE">
          <con:mediaType>application/xml</con:mediaType>
          <con:status>404</con:status>
          <con:params/>
        </con:representation>
        <con:request name="Request 1" id="cbc7c29d-1761-42fe-a7d8-6c398fc48582" mediaType="application/json">
          <con:settings/>
          <con:endpoint>http://petstore.swagger.io</con:endpoint>
          <con:credentials>
            <con:selectedAuthProfile>No Authorization</con:selectedAuthProfile>
            <con:authType>No Authorization</con:authType>
          </con:credentials>
          <con:parameters/>
        </con:request>
      </con:method>
      <con:method name="deleteOrder" id="d735bee4-3167-488d-aa36-5770f57e7fad" method="DELETE">
        <con:description>For valid response try integer IDs with positive integer value. Negative or non-integer values will generate API errors
Delete purchase order by ID</con:description>
        <con:settings/>
        <con:parameters/>
        <con:representation type="RESPONSE">
          <con:mediaType>application/json</con:mediaType>
          <con:status>400</con:status>
          <con:params/>
        </con:representation>
        <con:representation type="RESPONSE">
          <con:mediaType>application/xml</con:mediaType>
          <con:status>400</con:status>
          <con:params/>
        </con:representation>
        <con:representation type="RESPONSE">
          <con:mediaType>application/json</con:mediaType>
          <con:status>404</con:status>
          <con:params/>
        </con:representation>
        <con:representation type="RESPONSE">
          <con:mediaType>application/xml</con:mediaType>
          <con:status>404</con:status>
          <con:params/>
        </con:representation>
        <con:request name="Request 1" id="776eeeee-b4d7-434f-bee3-131c406445a1" mediaType="application/json">
          <con:settings/>
          <con:endpoint>http://petstore.swagger.io</con:endpoint>
          <con:credentials>
            <con:selectedAuthProfile>No Authorization</con:selectedAuthProfile>
            <con:authType>No Authorization</con:authType>
          </con:credentials>
          <con:parameters/>
        </con:request>
      </con:method>
    </con:resource>
    <con:resource name="/store/order" path="/store/order" id="34f57b2c-e385-4d53-86b2-7bfcf2859e81">
      <con:settings/>
      <con:parameters/>
      <con:method name="placeOrder" id="412cc77c-48ea-42db-94be-bc55e64afe7c" method="POST">
        <con:description>Place an order for a pet</con:description>
        <con:settings/>
        <con:parameters/>
        <con:representation type="REQUEST">
          <con:mediaType>application/json</con:mediaType>
          <con:params/>
          <con:sampleContent>{
  "id" : 0,
  "petId" : 0,
  "quantity" : 0,
  "shipDate" : "2015-07-20T15:49:04-07:00",
  "status" : "placed",
  "complete" : true
}</con:sampleContent>
        </con:representation>
        <con:representation type="RESPONSE">
          <con:mediaType>application/json</con:mediaType>
          <con:status>200</con:status>
          <con:params/>
          <con:sampleContent>{
  "id" : 0,
  "petId" : 0,
  "quantity" : 0,
  "shipDate" : "2015-07-20T15:49:04-07:00",
  "status" : "placed",
  "complete" : true
}</con:sampleContent>
        </con:representation>
        <con:representation type="RESPONSE">
          <con:mediaType>application/xml</con:mediaType>
          <con:status>200</con:status>
          <con:params/>
          <con:sampleContent><![CDATA[<Order>
   <id>0</id>
   <petId>0</petId>
   <quantity>0</quantity>
   <shipDate>2015-07-20T15:49:04-07:00</shipDate>
   <status>placed</status>
   <complete>true</complete>
</Order>]]></con:sampleContent>
        </con:representation>
        <con:representation type="RESPONSE">
          <con:mediaType>application/json</con:mediaType>
          <con:status>400</con:status>
          <con:params/>
        </con:representation>
        <con:representation type="RESPONSE">
          <con:mediaType>application/xml</con:mediaType>
          <con:status>400</con:status>
          <con:params/>
        </con:representation>
        <con:representation type="REQUEST">
          <con:mediaType>application/json</con:mediaType>
          <con:params/>
        </con:representation>
        <con:request name="Request 1" id="f1989bde-3747-4131-8c35-b8808cf274fe" mediaType="application/json">
          <con:settings/>
          <con:endpoint>http://petstore.swagger.io</con:endpoint>
          <con:request>{\r
  "id" : 0,\r
  "petId" : 0,\r
  "quantity" : 0,\r
  "shipDate" : "2015-07-20T15:49:04-07:00",\r
  "status" : "placed",\r
  "complete" : true\r
}</con:request>
          <con:credentials>
            <con:selectedAuthProfile>No Authorization</con:selectedAuthProfile>
            <con:authType>No Authorization</con:authType>
          </con:credentials>
          <con:parameters/>
        </con:request>
      </con:method>
    </con:resource>
    <con:resource name="/user/{username}" path="/user/{username}" id="2010c729-d1ec-492f-81f1-19a2587f0015">
      <con:settings/>
      <con:parameters>
        <con:parameter required="true">
          <con:name>username</con:name>
          <con:style>TEMPLATE</con:style>
          <con:description>The name that needs to be deleted</con:description>
        </con:parameter>
      </con:parameters>
      <con:method name="getUserByName" id="b29b5348-4821-4cbd-b4a8-ace1264b1cdd" method="GET">
        <con:description>Get user by user name</con:description>
        <con:settings/>
        <con:parameters/>
        <con:representation type="RESPONSE">
          <con:mediaType>application/json</con:mediaType>
          <con:status>200</con:status>
          <con:params/>
          <con:sampleContent>{
  "id" : 0,
  "username" : "string",
  "firstName" : "string",
  "lastName" : "string",
  "email" : "string",
  "password" : "string",
  "phone" : "string",
  "userStatus" : 0
}</con:sampleContent>
        </con:representation>
        <con:representation type="RESPONSE">
          <con:mediaType>application/xml</con:mediaType>
          <con:status>200</con:status>
          <con:params/>
          <con:sampleContent><![CDATA[<User>
   <id>0</id>
   <username>string</username>
   <firstName>string</firstName>
   <lastName>string</lastName>
   <email>string</email>
   <password>string</password>
   <phone>string</phone>
   <userStatus>0</userStatus>
</User>]]></con:sampleContent>
        </con:representation>
        <con:representation type="RESPONSE">
          <con:mediaType>application/json</con:mediaType>
          <con:status>400</con:status>
          <con:params/>
        </con:representation>
        <con:representation type="RESPONSE">
          <con:mediaType>application/xml</con:mediaType>
          <con:status>400</con:status>
          <con:params/>
        </con:representation>
        <con:representation type="RESPONSE">
          <con:mediaType>application/json</con:mediaType>
          <con:status>404</con:status>
          <con:params/>
        </con:representation>
        <con:representation type="RESPONSE">
          <con:mediaType>application/xml</con:mediaType>
          <con:status>404</con:status>
          <con:params/>
        </con:representation>
        <con:request name="Request 1" id="2caeadb5-0eba-4a13-ad5c-8edb6b9f3c9d" mediaType="application/json">
          <con:settings/>
          <con:endpoint>http://petstore.swagger.io</con:endpoint>
          <con:credentials>
            <con:selectedAuthProfile>No Authorization</con:selectedAuthProfile>
            <con:authType>No Authorization</con:authType>
          </con:credentials>
          <con:parameters/>
        </con:request>
      </con:method>
      <con:method name="updateUser" id="df997c86-df01-4644-bc80-58ff152dd1bd" method="PUT">
        <con:description>This can only be done by the logged in user.
Updated user</con:description>
        <con:settings/>
        <con:parameters/>
        <con:representation type="REQUEST">
          <con:mediaType>application/json</con:mediaType>
          <con:params/>
          <con:sampleContent>{
  "id" : 0,
  "username" : "string",
  "firstName" : "string",
  "lastName" : "string",
  "email" : "string",
  "password" : "string",
  "phone" : "string",
  "userStatus" : 0
}</con:sampleContent>
        </con:representation>
        <con:representation type="RESPONSE">
          <con:mediaType>application/json</con:mediaType>
          <con:status>400</con:status>
          <con:params/>
        </con:representation>
        <con:representation type="RESPONSE">
          <con:mediaType>application/xml</con:mediaType>
          <con:status>400</con:status>
          <con:params/>
        </con:representation>
        <con:representation type="RESPONSE">
          <con:mediaType>application/json</con:mediaType>
          <con:status>404</con:status>
          <con:params/>
        </con:representation>
        <con:representation type="RESPONSE">
          <con:mediaType>application/xml</con:mediaType>
          <con:status>404</con:status>
          <con:params/>
        </con:representation>
        <con:representation type="REQUEST">
          <con:mediaType>application/json</con:mediaType>
          <con:params/>
        </con:representation>
        <con:request name="Request 1" id="80f21e8b-53b0-422d-a8d1-93994997251d" mediaType="application/json">
          <con:settings/>
          <con:endpoint>http://petstore.swagger.io</con:endpoint>
          <con:request>{\r
  "id" : 0,\r
  "username" : "string",\r
  "firstName" : "string",\r
  "lastName" : "string",\r
  "email" : "string",\r
  "password" : "string",\r
  "phone" : "string",\r
  "userStatus" : 0\r
}</con:request>
          <con:credentials>
            <con:selectedAuthProfile>No Authorization</con:selectedAuthProfile>
            <con:authType>No Authorization</con:authType>
          </con:credentials>
          <con:parameters/>
        </con:request>
      </con:method>
      <con:method name="deleteUser" id="daab9d22-13e4-4843-8acb-06cdd868aa08" method="DELETE">
        <con:description>This can only be done by the logged in user.
Delete user</con:description>
        <con:settings/>
        <con:parameters/>
        <con:representation type="RESPONSE">
          <con:mediaType>application/json</con:mediaType>
          <con:status>400</con:status>
          <con:params/>
        </con:representation>
        <con:representation type="RESPONSE">
          <con:mediaType>application/xml</con:mediaType>
          <con:status>400</con:status>
          <con:params/>
        </con:representation>
        <con:representation type="RESPONSE">
          <con:mediaType>application/json</con:mediaType>
          <con:status>404</con:status>
          <con:params/>
        </con:representation>
        <con:representation type="RESPONSE">
          <con:mediaType>application/xml</con:mediaType>
          <con:status>404</con:status>
          <con:params/>
        </con:representation>
        <con:request name="Request 1" id="5cc575f9-2b81-4f31-bd4b-7698c4e02104" mediaType="application/json">
          <con:settings/>
          <con:endpoint>http://petstore.swagger.io</con:endpoint>
          <con:credentials>
            <con:selectedAuthProfile>No Authorization</con:selectedAuthProfile>
            <con:authType>No Authorization</con:authType>
          </con:credentials>
          <con:parameters/>
        </con:request>
      </con:method>
    </con:resource>
    <con:resource name="/user" path="/user" id="c9065976-e48b-4843-85c6-f467760f9c94">
      <con:settings/>
      <con:parameters/>
      <con:method name="createUser" id="c37c9db5-b1ae-44a6-929b-fc0a7febd650" method="POST">
        <con:description>This can only be done by the logged in user.
Create user</con:description>
        <con:settings/>
        <con:parameters/>
        <con:representation type="REQUEST">
          <con:mediaType>application/json</con:mediaType>
          <con:params/>
          <con:sampleContent>{
  "id" : 0,
  "username" : "string",
  "firstName" : "string",
  "lastName" : "string",
  "email" : "string",
  "password" : "string",
  "phone" : "string",
  "userStatus" : 0
}</con:sampleContent>
        </con:representation>
        <con:representation type="RESPONSE">
          <con:mediaType>application/json</con:mediaType>
          <con:status/>
          <con:params/>
        </con:representation>
        <con:representation type="RESPONSE">
          <con:mediaType>application/xml</con:mediaType>
          <con:status/>
          <con:params/>
        </con:representation>
        <con:representation type="REQUEST">
          <con:mediaType>application/json</con:mediaType>
          <con:params/>
        </con:representation>
        <con:request name="Request 1" id="82067274-e5cc-4ccd-8622-391a69ff651b" mediaType="application/json">
          <con:settings/>
          <con:endpoint>http://petstore.swagger.io</con:endpoint>
          <con:request>{\r
  "id" : 0,\r
  "username" : "string",\r
  "firstName" : "string",\r
  "lastName" : "string",\r
  "email" : "string",\r
  "password" : "string",\r
  "phone" : "string",\r
  "userStatus" : 0\r
}</con:request>
          <con:credentials>
            <con:selectedAuthProfile>No Authorization</con:selectedAuthProfile>
            <con:authType>No Authorization</con:authType>
          </con:credentials>
          <con:parameters/>
        </con:request>
      </con:method>
    </con:resource>
    <con:resource name="/user/createWithArray" path="/user/createWithArray" id="6ead5d5a-7cc1-4d36-83b5-4bff38ff47e0">
      <con:settings/>
      <con:parameters/>
      <con:method name="createUsersWithArrayInput" id="dda1f450-30bf-428f-8818-69e24e6e6509" method="POST">
        <con:description>Creates list of users with given input array</con:description>
        <con:settings/>
        <con:parameters/>
        <con:representation type="REQUEST">
          <con:mediaType>application/json</con:mediaType>
          <con:params/>
          <con:sampleContent>{ }</con:sampleContent>
        </con:representation>
        <con:representation type="RESPONSE">
          <con:mediaType>application/json</con:mediaType>
          <con:status/>
          <con:params/>
        </con:representation>
        <con:representation type="RESPONSE">
          <con:mediaType>application/xml</con:mediaType>
          <con:status/>
          <con:params/>
        </con:representation>
        <con:representation type="REQUEST">
          <con:mediaType>application/json</con:mediaType>
          <con:params/>
        </con:representation>
        <con:request name="Request 1" id="0a4ac06c-5e26-4ca1-9831-9e1ed4f79d26" mediaType="application/json">
          <con:settings/>
          <con:endpoint>http://petstore.swagger.io</con:endpoint>
          <con:request>{ }</con:request>
          <con:credentials>
            <con:selectedAuthProfile>No Authorization</con:selectedAuthProfile>
            <con:authType>No Authorization</con:authType>
          </con:credentials>
          <con:parameters/>
        </con:request>
      </con:method>
    </con:resource>
    <con:resource name="/user/createWithList" path="/user/createWithList" id="36b2a87c-7bac-4597-872b-c4bbbfa5244b">
      <con:settings/>
      <con:parameters/>
      <con:method name="createUsersWithListInput" id="ef9d3012-edfa-4c89-8643-13fff0a5d80b" method="POST">
        <con:description>Creates list of users with given input array</con:description>
        <con:settings/>
        <con:parameters/>
        <con:representation type="REQUEST">
          <con:mediaType>application/json</con:mediaType>
          <con:params/>
          <con:sampleContent>{ }</con:sampleContent>
        </con:representation>
        <con:representation type="RESPONSE">
          <con:mediaType>application/json</con:mediaType>
          <con:status/>
          <con:params/>
        </con:representation>
        <con:representation type="RESPONSE">
          <con:mediaType>application/xml</con:mediaType>
          <con:status/>
          <con:params/>
        </con:representation>
        <con:representation type="REQUEST">
          <con:mediaType>application/json</con:mediaType>
          <con:params/>
        </con:representation>
        <con:request name="Request 1" id="f00fd813-cc8a-4e00-8f09-5945669aa596" mediaType="application/json">
          <con:settings/>
          <con:endpoint>http://petstore.swagger.io</con:endpoint>
          <con:request>{ }</con:request>
          <con:credentials>
            <con:selectedAuthProfile>No Authorization</con:selectedAuthProfile>
            <con:authType>No Authorization</con:authType>
          </con:credentials>
          <con:parameters/>
        </con:request>
      </con:method>
    </con:resource>
    <con:resource name="/user/login" path="/user/login" id="d9d74efc-870f-49c6-a93b-5d50164def1d">
      <con:settings/>
      <con:parameters/>
      <con:method name="loginUser" id="3de7732d-d24a-4421-89bb-4c721783c6aa" method="GET">
        <con:description>Logs user into the system</con:description>
        <con:settings/>
        <con:parameters>
          <con:parameter required="true">
            <con:name>username</con:name>
            <con:style>QUERY</con:style>
            <con:description>The user name for login</con:description>
          </con:parameter>
          <con:parameter required="true">
            <con:name>password</con:name>
            <con:style>QUERY</con:style>
            <con:description>The password for login in clear text</con:description>
          </con:parameter>
        </con:parameters>
        <con:representation type="RESPONSE">
          <con:mediaType>application/json</con:mediaType>
          <con:status>200</con:status>
          <con:params/>
          <con:sampleContent>"string"</con:sampleContent>
        </con:representation>
        <con:representation type="RESPONSE">
          <con:mediaType>application/xml</con:mediaType>
          <con:status>200</con:status>
          <con:params/>
          <con:sampleContent>&lt;string>string&lt;/string></con:sampleContent>
        </con:representation>
        <con:representation type="RESPONSE">
          <con:mediaType>application/json</con:mediaType>
          <con:status>400</con:status>
          <con:params/>
        </con:representation>
        <con:representation type="RESPONSE">
          <con:mediaType>application/xml</con:mediaType>
          <con:status>400</con:status>
          <con:params/>
        </con:representation>
        <con:request name="Request 1" id="c8b557e5-94b3-430f-af9a-dcb8ab039be3" mediaType="application/json">
          <con:settings/>
          <con:endpoint>http://petstore.swagger.io</con:endpoint>
          <con:credentials>
            <con:selectedAuthProfile>No Authorization</con:selectedAuthProfile>
            <con:authType>No Authorization</con:authType>
          </con:credentials>
          <con:parameters/>
        </con:request>
      </con:method>
    </con:resource>
    <con:resource name="/user/logout" path="/user/logout" id="a4daa785-3362-4c2e-b1c0-1296485b56b9">
      <con:settings/>
      <con:parameters/>
      <con:method name="logoutUser" id="85b0f374-5880-4b23-a877-3bd3853868b1" method="GET">
        <con:description>Logs out current logged in user session</con:description>
        <con:settings/>
        <con:parameters/>
        <con:representation type="RESPONSE">
          <con:mediaType>application/json</con:mediaType>
          <con:status/>
          <con:params/>
        </con:representation>
        <con:representation type="RESPONSE">
          <con:mediaType>application/xml</con:mediaType>
          <con:status/>
          <con:params/>
        </con:representation>
        <con:request name="Request 1" id="e7bb3eaa-d247-47f0-b71f-cc0eaf935725" mediaType="application/json">
          <con:settings/>
          <con:endpoint>http://petstore.swagger.io</con:endpoint>
          <con:credentials>
            <con:selectedAuthProfile>No Authorization</con:selectedAuthProfile>
            <con:authType>No Authorization</con:authType>
          </con:credentials>
          <con:parameters/>
        </con:request>
      </con:method>
    </con:resource>
  </con:interface>
  <con:testSuite id="e59562c0-3c66-48e9-8215-b9fe626f148b" name="Test Suite 1">
    <con:settings/>
    <con:runType>SEQUENTIAL</con:runType>
    <con:testCase id="338373bf-2d00-4c25-9cdf-a42987bd4bdc" discardOkResults="false" failOnError="true" failTestCaseOnErrors="true" keepSession="false" name="PetsTest" searchProperties="true" timeout="0">
      <con:settings/>
      <con:testStep type="datasource" name="DataSource" id="441ef574-1351-41ce-946a-51ebeb2ecab4">
        <con:settings>
          <con:setting id="com.eviware.soapui.impl.wsdl.teststeps.datasource.DataSourceContainer@prepared-properties">&lt;xml-fragment/></con:setting>
        </con:settings>
        <con:config xsi:type="con:DataSourceStep" xmlns:xsi="http://www.w3.org/2001/XMLSchema-instance">
          <con:dataSource type="Grid">
            <con:configuration>
              <check><![CDATA[<xml-fragment><con:entry xmlns:con="http://eviware.com/soapui/config">true</con:entry><con:entry xmlns:con="http://eviware.com/soapui/config">true</con:entry></xml-fragment>]]></check>
              <row><![CDATA[<xml-fragment><con:entry xmlns:con="http://eviware.com/soapui/config">111</con:entry><con:entry xmlns:con="http://eviware.com/soapui/config">Rex</con:entry><con:entry xmlns:con="http://eviware.com/soapui/config">alive</con:entry><con:entry xmlns:con="http://eviware.com/soapui/config"/></xml-fragment>]]></row>
              <row><![CDATA[<xml-fragment><con:entry xmlns:con="http://eviware.com/soapui/config">112</con:entry><con:entry xmlns:con="http://eviware.com/soapui/config">box</con:entry><con:entry xmlns:con="http://eviware.com/soapui/config">alive</con:entry><con:entry xmlns:con="http://eviware.com/soapui/config"/></xml-fragment>]]></row>
              <recognizeAsPlainText>true</recognizeAsPlainText>
            </con:configuration>
          </con:dataSource>
          <con:shared>true</con:shared>
          <con:restartShared>true</con:restartShared>
          <con:property>petId</con:property>
          <con:property>petName</con:property>
          <con:property>petStatus</con:property>
          <con:restartOnRun>true</con:restartOnRun>
        </con:config>
      </con:testStep>
      <con:testStep type="restrequest" name="Post" id="8f16a51d-52be-4f09-805d-b4c33decf2e6">
        <con:settings/>
        <con:config service="Swagger Petstore" resourcePath="/v2/pet" methodName="addPet" xsi:type="con:RestRequestStep" xmlns:xsi="http://www.w3.org/2001/XMLSchema-instance">
          <con:restRequest name="Post" id="1f9c7a38-22c2-492e-8a9c-3415e6eab883" mediaType="application/json" postQueryString="false">
            <con:settings>
              <con:setting id="com.eviware.soapui.impl.wsdl.WsdlRequest@request-headers">&lt;xml-fragment/></con:setting>
            </con:settings>
            <con:endpoint>http://petstore.swagger.io</con:endpoint>
            <con:request>{
    "id": ${DataSource#petId},
    "name": "${DataSource#petName}",
    "status": "${DataSource#petStatus}"
}</con:request>
            <con:originalUri>https://petstore.swagger.io/v2/pet</con:originalUri>
            <con:assertion type="Valid HTTP Status Codes" id="184309bf-6f04-4490-abee-68983467114e" name="Valid HTTP Status Codes">
              <con:settings/>
              <con:configuration>
                <codes>200</codes>
              </con:configuration>
            </con:assertion>
            <con:credentials>
              <con:selectedAuthProfile>No Authorization</con:selectedAuthProfile>
              <con:authType>No Authorization</con:authType>
            </con:credentials>
            <con:jmsConfig JMSDeliveryMode="PERSISTENT"/>
            <con:parameters/>
          </con:restRequest>
        </con:config>
      </con:testStep>
      <con:testStep type="restrequest" name="Get" id="fbe7e0d6-b033-47f2-bafb-aa01ebe1fd11">
        <con:settings/>
        <con:config service="Swagger Petstore" resourcePath="/v2/pet/{petId}" methodName="getPetById" xsi:type="con:RestRequestStep" xmlns:xsi="http://www.w3.org/2001/XMLSchema-instance">
          <con:restRequest name="Get" id="be266917-7d0a-4bca-b21e-d2ab56561947" mediaType="application/json">
            <con:settings>
              <con:setting id="com.eviware.soapui.impl.wsdl.WsdlRequest@request-headers">&lt;xml-fragment/></con:setting>
            </con:settings>
            <con:endpoint>http://petstore.swagger.io</con:endpoint>
            <con:request/>
            <con:originalUri>https://petstore.swagger.io/v2/pet/</con:originalUri>
            <con:assertion type="Valid HTTP Status Codes" id="53ae9627-98e0-4617-8e64-6ccfea37a3c2" name="Valid HTTP Status Codes">
              <con:settings/>
              <con:configuration>
                <codes>200</codes>
              </con:configuration>
            </con:assertion>
            <con:credentials>
              <con:selectedAuthProfile>No Authorization</con:selectedAuthProfile>
              <con:authType>No Authorization</con:authType>
            </con:credentials>
            <con:jmsConfig JMSDeliveryMode="PERSISTENT"/>
            <con:parameters>
              <con:entry key="petId" value="${DataSource#petId}"/>
            </con:parameters>
          </con:restRequest>
        </con:config>
      </con:testStep>
      <con:testStep type="restrequest" name="Delete" id="ebff7941-019b-4d89-91e9-f89e23fca6d9">
        <con:settings/>
        <con:config service="Swagger Petstore" resourcePath="/v2/pet/{petId}" methodName="deletePet" xsi:type="con:RestRequestStep" xmlns:xsi="http://www.w3.org/2001/XMLSchema-instance">
          <con:restRequest name="Delete" id="50b1fdb9-74db-43f7-b657-7296338bd457" mediaType="application/json" postQueryString="false">
            <con:settings>
              <con:setting id="com.eviware.soapui.impl.wsdl.WsdlRequest@request-headers">&lt;xml-fragment/></con:setting>
            </con:settings>
            <con:endpoint>http://petstore.swagger.io</con:endpoint>
            <con:request/>
            <con:originalUri>https://petstore.swagger.io/v2/pet/2</con:originalUri>
            <con:assertion type="Valid HTTP Status Codes" id="407b79a4-ca34-4a2e-b854-8a22fdb9f52f" name="Valid HTTP Status Codes">
              <con:settings/>
              <con:configuration>
                <codes>200</codes>
              </con:configuration>
            </con:assertion>
            <con:credentials>
              <con:selectedAuthProfile>No Authorization</con:selectedAuthProfile>
              <con:authType>No Authorization</con:authType>
            </con:credentials>
            <con:jmsConfig JMSDeliveryMode="PERSISTENT"/>
            <con:parameters>
              <con:entry key="petId" value="${DataSource#petId}"/>
            </con:parameters>
          </con:restRequest>
        </con:config>
      </con:testStep>
      <con:testStep type="datasourceloop" name="DataSourceLoop" id="404bb49a-abb1-44d9-857b-b261618ce5df">
        <con:settings/>
        <con:config>
          <dataSourceStep>DataSource</dataSourceStep>
          <targetStep>Post</targetStep>
          <discardResults>true</discardResults>
        </con:config>
      </con:testStep>
      <con:testStep type="datasink" name="DataSink" id="b66fa1c5-c6ea-40bd-8ae3-ecd12ddf13ca">
        <con:settings/>
        <con:config xsi:type="con:DataSinkStep" xmlns:xsi="http://www.w3.org/2001/XMLSchema-instance">
          <con:dataSink type="File">
            <con:configuration>
              <fileName>C:/Users/003BR8744/Desktop/New folder/DataSink.txt</fileName>
              <separator>,</separator>
              <escape>"</escape>
              <quote>true</quote>
              <trim>true</trim>
              <append>false</append>
              <encoding>Cp1252</encoding>
            </con:configuration>
          </con:dataSink>
          <con:properties>
            <con:property>
              <con:name>petName</con:name>
              <con:value>${Post#Response#$['name']}</con:value>
            </con:property>
            <con:property>
              <con:name>petStatus</con:name>
              <con:value>${Post#Response#$['status']}</con:value>
            </con:property>
            <con:property>
              <con:name>petID</con:name>
              <con:value>${Post#Response#$['id']}</con:value>
            </con:property>
          </con:properties>
        </con:config>
      </con:testStep>
      <con:properties/>
      <con:reportParameters/>
    </con:testCase>
    <con:properties/>
    <con:reportParameters/>
  </con:testSuite>
  <con:testSuite id="e7d7fbb6-5ec0-4f4e-9dce-31a70f53cb5a" name="Sample">
    <con:settings/>
    <con:runType>SEQUENTIAL</con:runType>
    <con:testCase id="e4df97bf-2b6c-429b-a61a-9e17b92c0fe4" discardOkResults="false" failOnError="true" failTestCaseOnErrors="true" keepSession="false" name="TestCase1" searchProperties="true" timeout="0">
      <con:settings/>
      <con:testStep type="datasource" name="DataSource" id="cc92a257-d1fd-4217-a0a9-c0ac51371a34">
        <con:settings/>
        <con:config xsi:type="con:DataSourceStep" xmlns:xsi="http://www.w3.org/2001/XMLSchema-instance">
          <con:dataSource type="Grid">
            <con:configuration>
              <check><![CDATA[<xml-fragment><con:entry xmlns:con="http://eviware.com/soapui/config">true</con:entry><con:entry xmlns:con="http://eviware.com/soapui/config">true</con:entry><con:entry xmlns:con="http://eviware.com/soapui/config">true</con:entry></xml-fragment>]]></check>
              <row><![CDATA[<xml-fragment><con:entry xmlns:con="http://eviware.com/soapui/config">4</con:entry><con:entry xmlns:con="http://eviware.com/soapui/config">nnn</con:entry><con:entry xmlns:con="http://eviware.com/soapui/config">active</con:entry><con:entry xmlns:con="http://eviware.com/soapui/config"/></xml-fragment>]]></row>
              <row><![CDATA[<xml-fragment><con:entry xmlns:con="http://eviware.com/soapui/config">5</con:entry><con:entry xmlns:con="http://eviware.com/soapui/config">hhh</con:entry><con:entry xmlns:con="http://eviware.com/soapui/config">active</con:entry><con:entry xmlns:con="http://eviware.com/soapui/config"/></xml-fragment>]]></row>
              <row><![CDATA[<xml-fragment><con:entry xmlns:con="http://eviware.com/soapui/config">6</con:entry><con:entry xmlns:con="http://eviware.com/soapui/config">jjj</con:entry><con:entry xmlns:con="http://eviware.com/soapui/config">active</con:entry><con:entry xmlns:con="http://eviware.com/soapui/config"/></xml-fragment>]]></row>
              <recognizeAsPlainText>true</recognizeAsPlainText>
            </con:configuration>
          </con:dataSource>
          <con:shared>true</con:shared>
          <con:restartShared>true</con:restartShared>
          <con:property>petid</con:property>
          <con:property>petname</con:property>
          <con:property>petstatus</con:property>
          <con:completeLastOperation>true</con:completeLastOperation>
          <con:restartOnRun>true</con:restartOnRun>
        </con:config>
      </con:testStep>
      <con:testStep type="restrequest" name="REST Request" id="58092e82-7c7e-46a7-9769-1abf8165b24f">
        <con:settings/>
        <con:config service="Swagger Petstore" resourcePath="/v2/pet" methodName="addPet" xsi:type="con:RestRequestStep" xmlns:xsi="http://www.w3.org/2001/XMLSchema-instance">
          <con:restRequest name="REST Request" id="1f9c7a38-22c2-492e-8a9c-3415e6eab883" mediaType="application/json" postQueryString="false">
            <con:settings>
              <con:setting id="com.eviware.soapui.impl.wsdl.WsdlRequest@request-headers">&lt;xml-fragment/></con:setting>
            </con:settings>
            <con:endpoint>http://petstore.swagger.io</con:endpoint>
            <con:request>{
    "id": ${DataSource#petid},
    "name": "${DataSource#petname}",
    "status": "${DataSource#petstatus}"
}</con:request>
            <con:originalUri>https://petstore.swagger.io/v2/pet</con:originalUri>
            <con:assertion type="Valid HTTP Status Codes" id="2fb7f9d5-b2d9-467e-8833-29b00b3d056a" name="Valid HTTP Status Codes">
              <con:settings/>
              <con:configuration>
                <codes>200</codes>
              </con:configuration>
            </con:assertion>
            <con:credentials>
              <con:selectedAuthProfile>No Authorization</con:selectedAuthProfile>
              <con:authType>No Authorization</con:authType>
            </con:credentials>
            <con:jmsConfig JMSDeliveryMode="PERSISTENT"/>
            <con:parameters/>
          </con:restRequest>
        </con:config>
      </con:testStep>
      <con:testStep type="datasourceloop" name="Data Source Loop" id="4ddaccef-da8e-4386-898f-a5ba3ba9cbde">
        <con:settings/>
        <con:config>
          <dataSourceStep>DataSource</dataSourceStep>
          <targetStep>REST Request</targetStep>
          <discardResults>true</discardResults>
        </con:config>
      </con:testStep>
      <con:properties/>
      <con:reportParameters/>
    </con:testCase>
    <con:properties/>
    <con:reportParameters/>
  </con:testSuite>
  <con:requirements/>
  <con:properties/>
  <con:wssContainer/>
  <con:databaseConnectionContainer>
    <con:databaseConnection>
      <con:name>MytestDB</con:name>
      <con:driver>com.mysql.jdbc.Driver</con:driver>
      <con:connectionString>jdbc:mysql://remotemysql.com:3306/CGpfjlbstY?user=CGpfjlbstY&amp;password=PASS_VALUE</con:connectionString>
      <con:password>Sav3dVDTJ4</con:password>
      <con:connectionProperties/>
    </con:databaseConnection>
  </con:databaseConnectionContainer>
  <con:jmsConnectionContainer/>
  <con:oAuth2ProfileContainer/>
  <con:oAuth1ProfileContainer/>
  <con:reporting>
    <con:reportTemplates/>
    <con:xmlTemplates/>
    <con:xmlTemplates/>
    <con:parameters/>
    <con:parameters/>
  </con:reporting>
  <con:reporting/>
  <con:eventHandlers type="RequestFilter.filterRequest" name="RequestFilter.filterRequest">
    <con:script>// Sample event script to add custom HTTP header to all outgoing REST, SOAP and HTTP(S) calls
// This code is often used for adding custom authentication to ReadyAPI functional tests

// If hardcoding the token, uncomment and change line 5
// token = '4567'

// If your token is parameterized in Project level custom property, uncomment line 8
// token = request.parent.testCase.testSuite.project.getProperty('auth_token').getValue()

// To modify all outgoing calls, remove comments from lines 11 to 16
// headers = request.requestHeaders
// if (headers.containsKey('auth_token2') == false) {
//   headers.put('auth_token2', token)
//   request.requestHeaders = headers
// }</con:script>
  </con:eventHandlers>
  <con:eventHandlers type="TestRunListener.afterStep" name="TestRunListener.afterStep">
    <con:script>// Save all test step results into files
// Change the directory path in line 5 to a location where you want to store details
// then uncomment lines 5 to 10

// filePath = 'C:\\tempOutputDirectory\\'
// fos = new java.io.FileOutputStream(filePath + testStepResult.testStep.label + '.txt', true)
// pw = new java.io.PrintWriter(fos)
// testStepResult.writeTo(pw)
// pw.close()
// fos.close()</con:script>
  </con:eventHandlers>
  <con:authRepository/>
  <con:tags/>
</con:soapui-project>
